seq,ID,星級,Class,從者名稱,寶具 LV,角色LV,技能1等級,技能2等級,技能3等級,寶具類別,寶具顏色
23,284,5星,Caster,阿爾托莉亞・Caster,3,102,10,10,10,輔助寶具,藍
1,2,5星,Saber,阿爾托莉亞・潘德拉剛,4,100,10,10,10,全體傷害,紅
30,309,5星,Berserker,摩根,2,100,10,10,10,全體傷害,紅
4,12,5星,Archer,吉爾伽美什,1,90,4,4,4,全體傷害,紅
6,129,5星,Archer,阿爾托莉亞・潘德拉剛〔Archer〕,2,90,10,10,5,單體傷害,藍
9,216,5星,Archer,貞德〔Archer〕,2,90,10,10,6,全體傷害,藍
11,85,5星,Lancer,迦爾納,1,90,1,6,1,全體傷害,紅
12,119,5星,Lancer,阿爾托莉亞・潘德拉剛〔Lancer〕,2,90,1,1,1,全體傷害,紅
13,143,5星,Lancer,恩奇都,1,90,6,6,6,單體傷害,綠
15,206,5星,Rider,阿基里斯,1,90,10,1,10,全體傷害,綠
18,37,5星,Caster,諸葛孔明〔埃爾梅羅 II 世〕,2,90,10,10,10,輔助寶具,藍
19,62,5星,Caster,玉藻前,2,90,1,1,1,輔助寶具,藍
20,150,5星,Caster,梅林,2,90,10,10,10,輔助寶具,紅
21,215,5星,Caster,斯卡薩哈＝斯卡蒂,3,90,10,10,10,輔助寶具,綠
24,75,5星,Assassin,開膛手傑克,3,90,10,1,1,單體傷害,綠
31,59,5星,Ruler,貞德,3,90,10,10,10,輔助寶具,藍
32,229,5星,Ruler,始皇帝,1,90,10,10,10,輔助寶具,藍
34,305,5星,Ruler,埃莫〔卡蓮〕,1,90,1,1,1,全體傷害,綠
35,96,5星,Avenger,嚴窟王,1,90,5,10,1,全體傷害,綠
36,106,5星,Avenger,貞德〔Alter〕,3,90,1,1,1,單體傷害,紅
37,268,5星,Avenger,太空伊絲塔,2,90,10,10,10,全體傷害,藍
39,163,5星,Alter Ego,Meltryllis,2,90,6,6,1,單體傷害,綠
40,209,5星,Alter Ego,沖田總司〔Alter〕,2,90,1,1,1,全體傷害,紅
44,351,5星,Moon Cancer,Archetype：Earth,1,90,1,1,1,全體傷害,紅
7,142,5星,Archer,伊絲塔,1,80,1,1,1,全體傷害,紅
16,241,5星,Rider,司馬懿〔萊達絲〕,1,80,1,1,1,輔助寶具,藍
22,237,5星,Caster,紫式部,4,80,1,1,1,全體傷害,藍
27,155,5星,Berserker,謎之女主角 X〔Alter〕,1,60,1,1,1,單體傷害,綠
42,195,5星,Foreigner,艾比蓋兒・威廉斯,1,50,1,1,1,單體傷害,紅
2,8,5星,Saber,阿蒂拉,1,1,1,1,1,全體傷害,紅
3,76,5星,Saber,莫德雷德,4,1,1,1,1,全體傷害,紅
5,84,5星,Archer,阿周那,2,1,1,1,1,全體傷害,紅
8,212,5星,Archer,拿破崙,3,1,1,1,1,全體傷害,紅
10,70,5星,Lancer,斯卡薩哈,1,1,1,1,1,單體傷害,綠
14,205,5星,Rider,伊凡雷帝,1,1,1,1,1,全體傷害,紅
17,274,5星,Rider,歐羅巴,1,1,1,1,1,全體傷害,紅
25,189,5星,Assassin,刑部姬,2,1,1,1,1,輔助寶具,綠
26,235,5星,Assassin,李書文〔Assassin〕,1,50,1,1,1,單體傷害,藍
28,161,5星,Berserker,土方歲三,2,1,1,1,1,單體傷害,紅
29,226,5星,Berserker,項羽,2,1,1,1,1,全體傷害,綠
33,265,5星,Ruler,阿爾托莉亞・潘德拉剛〔Ruler〕,1,50,1,1,1,全體傷害,紅
38,303,5星,Avenger,平景清,1,1,1,1,1,單體傷害,綠
41,238,5星,Alter Ego,Kingprotea,1,1,1,1,1,全體傷害,紅
43,244,5星,Moon Cancer,吉娜可＝加里吉利,1,1,1,1,1,全體傷害,紅
45,3,4星,Saber,阿爾托莉亞・潘德拉剛〔Alter〕,3,80,4,4,4,全體傷害,紅
46,264,4星,Saber,葛飾北齋〔Saber〕,5,80,6,6,6,單體傷害,藍
47,121,4星,Saber,蘭斯洛特,4,70,1,1,1,單體傷害,藍
48,5,4星,Saber,尼祿・克勞狄烏斯,2,1,1,1,1,全體傷害,紅
49,187,4星,Saber,柳生但馬守宗矩,1,1,1,1,1,單體傷害,藍
50,123,4星,Saber,高文,1,1,1,1,1,全體傷害,紅
51,165,4星,Saber,鈴鹿御前,4,1,1,1,1,全體傷害,紅
52,101,4星,Saber,羅摩,2,1,1,1,1,單體傷害,紅
53,245,4星,Saber,拉克什米・芭伊,1,1,1,1,1,全體傷害,綠
54,221,4星,Saber,女王梅美,1,1,1,1,1,單體傷害,藍
55,10,4星,Saber,騎士德翁,1,1,1,1,1,輔助寶具,藍
56,4,4星,Saber,阿爾托莉亞・潘德拉剛〔Lily〕,4,54,1,1,1,全體傷害,紅
57,11,4星,Archer,Emiya,5,85,1,6,6,全體傷害,紅
58,197,4星,Archer,阿爾提・the・San〔ta〕,5,40,1,1,1,單體傷害,綠
59,137,4星,Archer,克洛伊・馮・愛因茲貝倫,5,80,1,1,6,單體傷害,藍
60,184,4星,Archer,巴御前,5,1,1,1,1,單體傷害,紅
61,269,4星,Archer,災星簡,4,1,1,1,1,單體傷害,紅
62,271,4星,Archer,南丁格爾〔Santa〕,5,80,1,1,1,全體傷害,綠
63,122,4星,Archer,崔斯坦,4,1,1,1,1,單體傷害,綠
64,14,4星,Archer,阿塔蘭塔,2,1,1,1,1,全體傷害,綠
65,262,4星,Archer,刑部姬〔Archer〕,1,1,1,1,1,全體傷害,紅
66,102,4星,Lancer,李書文,5,,1,1,1,單體傷害,藍
67,214,4星,Lancer,瓦爾基麗,5,,1,1,1,全體傷害,綠
68,252,4星,Lancer,長尾景虎,5,80,1,1,1,單體傷害,藍
69,193,4星,Lancer,哪吒,5,,1,1,1,全體傷害,紅
70,181,4星,Lancer,源賴光〔Lancer〕,5,,1,1,1,單體傷害,紅
71,146,4星,Lancer,美杜莎〔Lancer〕,5,,1,1,1,單體傷害,綠
72,140,4星,Lancer,弗拉德三世〔EXTRA〕,5,,1,1,1,單體傷害,紅
73,266,4星,Lancer,謎之Alterego・Λ,3,50,1,1,1,全體傷害,藍
74,228,4星,Lancer,秦良玉,3,,1,1,1,輔助寶具,綠
75,217,4星,Lancer,茨木童子〔Lancer〕,3,,1,1,1,單體傷害,紅
76,87,4星,Lancer,芬恩・麥克庫爾,3,,1,1,1,全體傷害,藍
77,18,4星,Lancer,伊莉莎白・巴托里,3,,1,1,1,全體傷害,紅
78,183,4星,Lancer,帕爾瓦蒂,1,,1,1,1,全體傷害,綠
79,115,4星,Rider,坂田金時〔Rider〕,5,80,1,1,1,單體傷害,綠
80,211,4星,Rider,坂本龍馬,5,80,1,1,1,單體傷害,藍
81,73,4星,Rider,阿爾托莉亞・潘德拉剛〔聖誕Alter〕,5,80,1,1,1,全體傷害,紅
82,94,4星,Rider,阿斯托爾福,3,80,1,1,1,全體傷害,綠
83,66,4星,Rider,安妮・伯妮＆瑪莉・瑞德,3,1,1,1,1,單體傷害,紅
84,263,4星,Rider,卡米拉〔Rider〕,1,1,1,1,1,全體傷害,紅
85,29,4星,Rider,瑪莉・安東尼,5,1,1,1,1,全體傷害,藍
86,30,4星,Rider,瑪爾大,5,1,1,1,1,輔助寶具,藍
87,315,4星,Rider,哈貝特洛特（哈貝喵）,1,1,1,1,1,全體傷害,藍
88,145,4星,Caster,吉爾伽美什〔Caster〕,5,50,1,1,1,全體傷害,藍
89,225,4星,Caster,酒吞童子〔Caster〕,5,74,1,1,1,單體傷害,紅
90,120,4星,Caster,尼托克里絲,4,1,1,1,1,全體傷害,藍
91,74,4星,Caster,童謠,4,1,1,1,1,全體傷害,藍
92,111,4星,Caster,愛麗絲菲爾〔天之衣〕,5,50,1,1,1,輔助寶具,藍
93,67,4星,Caster,美狄亞〔Lily〕,1,1,1,1,1,輔助寶具,藍
94,130,4星,Caster,瑪莉・安東尼〔Caster〕,1,1,1,1,1,全體傷害,綠
95,192,4星,Caster,喀耳刻（姑姑）,1,1,1,1,1,單體傷害,藍
96,243,4星,Assassin,格蕾,5,80,6,6,6,全體傷害,綠
97,267,4星,Assassin,沖田總司〔Assassin〕,5,1,1,1,1,單體傷害,綠
98,170,4星,Assassin,武則天,4,1,1,1,1,輔助寶具,綠
99,109,4星,Assassin,Emiya〔Assassin〕,2,74,4,4,6,單體傷害,藍
100,218,4星,Assassin,牛若丸〔Assassin〕,2,1,1,1,1,全體傷害,綠
101,185,4星,Assassin,望月千代女,2,1,1,1,1,單體傷害,藍
102,304,4星,Assassin,鬼一法眼,1,1,1,1,1,全體傷害,綠
103,159,4星,Assassin,燕青,1,1,1,1,1,單體傷害,綠
104,46,4星,Assassin,卡米拉,1,1,1,1,1,單體傷害,紅
105,82,4星,Berserker,弗蘭肯斯坦,4,1,1,1,1,全體傷害,綠
106,47,4星,Berserker,赫拉克勒斯（B叔）,5,80,10,8,7,單體傷害,紅
107,219,4星,Berserker,貞德〔Alter〕〔Berserker〕,5,90,6,6,10,單體傷害,紅
108,48,4星,Berserker,蘭斯洛特〔Berserker〕,4,90,6,6,10,全體傷害,綠
109,171,4星,Berserker,彭忒西勒亞（CEO）,4,1,1,1,1,單體傷害,紅
110,89,4星,Berserker,貝奧武夫,4,1,1,1,1,單體傷害,紅
111,116,4星,Berserker,茨木童子,4,1,1,1,1,單體傷害,紅
112,58,4星,Berserker,玉藻貓,4,1,1,1,1,全體傷害,綠
113,202,4星,Berserker,阿塔蘭塔〔Alter〕,1,1,1,1,1,單體傷害,綠
114,178,4星,Berserker,織田信長〔Berserker〕,1,1,1,1,1,單體傷害,紅
115,242,4星,Ruler,阿斯特蕾亞（金鑽頭）,3,1,1,1,1,單體傷害,藍
116,135,4星,Ruler,瑪爾大〔Ruler〕,3,1,1,1,1,單體傷害,紅
117,147,4星,Avenger,艾爾賀,2,1,1,1,1,全體傷害,紅
118,158,4星,Avenger,海森・羅伯,1,1,1,1,1,單體傷害,綠
119,166,4星,Moon Cancer,B B,5,60,1,1,1,輔助寶具,藍
120,164,4星,Alter Ego,Passionlip,1,1,1,1,1,全體傷害,紅
121,1,4星,shielder,瑪修・基利艾拉特,3,90,9,9,9,輔助寶具,藍
122,288,4星,Lancer,虞美人,5,80,1,1,1,單體傷害,綠
123,253,5星,Rider,李奧納多・達・文西,1,1,1,1,1,全體傷害,藍